{
   "device_class" : "controller",
   "device_pid" : 8192,
   "device_serial_number" : "LHR-F2C6C47B",
   "device_vid" : 10462,
   "expected_bases" : 2,
   "expected_controllers" : 2,
   "firmware_config" : {
      "sensor_env_on_pin_a" : 0
   },
   "head" : {
      "plus_x" : [ 1, 0, 0 ],
      "plus_z" : [ 0, 0, 1 ],
      "position" : [ 0, 0, 0 ]
   },
   "imu" : {
      "acc_bias" : [ 0, 0, 0 ],
      "acc_scale" : [ 1, 1, 1 ],
      "gyro_bias" : [ 0, 0, 0 ],
      "gyro_scale" : [ 1, 1, 1 ],
      "plus_x" : [ 1, 0, 0 ],
      "plus_z" : [ 0, 0, -1 ],
      "position" : [-0.0135, 0.0198, -0.0335]
   },
   "lighthouse_config" : {
      "channelMap" : [15, 11, 13, 9, 25, 26, 27, 24, 23, 19, 21, 17, 14, 10, 12, 8, 6, 2, 4, 0, 22, 16, 18, 20],
      "modelNormals" : [
		[0, 0.848048096156426, 0.529919264233205],
		[0, 0.848048096156426, 0.529919264233205],
		[0, 0.848048096156426, 0.529919264233205],
		[-0.498470164155456, 0.686085321837868, 0.529919264233205],
		[-0.806541667981268, 0.262061273759655, 0.529919264233205],
		[-0.806541667981268, 0.262061273759655, 0.529919264233205],
		[-0.806541667981268, 0.262061273759655, 0.529919264233205],
		[-0.806541667981268, -0.262061273759655, 0.529919264233205],
		[-0.498470164155456, -0.686085321837868, 0.529919264233205],
		[-0.498470164155456, -0.686085321837868, 0.529919264233205],
		[-0.498470164155456, -0.686085321837868, 0.529919264233205],
		[-1.03898481469424E-16, -0.848048096156426, 0.529919264233205],
		[0.498470164155456, -0.686085321837868, 0.529919264233205],
		[0.498470164155456, -0.686085321837868, 0.529919264233205],
		[0.498470164155456, -0.686085321837868, 0.529919264233205],
		[0.806541667981268, -0.262061273759655, 0.529919264233205],
		[0.806541667981268, 0.262061273759655, 0.529919264233205],
		[0.806541667981268, 0.262061273759655, 0.529919264233205],
		[0.806541667981268, 0.262061273759655, 0.529919264233205],
		[0.498470164155457, 0.686085321837868, 0.529919264233205],
		[-0.0492341481246715, 0.468431628851304, 0.882126866017668],
		[-0.468431628851304, -0.0492341481246715, 0.882126866017668],
		[0.0492341481246715, -0.468431628851304, 0.882126866017668],
		[0.468431628851304, 0.0492341481246712, 0.882126866017668]
      ],
      "modelPoints" : [
		[0.01715, 0.0448, -0.0249],
		[-0.01385, 0.042, -0.0209],
		[0.004, 0.0333, -0.00585],
		[-0.0192205777499639, 0.0264548557160608, -0.0032],
		[-0.0373076904764925, 0.0301545806024595, -0.0249],
		[-0.0442242590564895, -0.000193418986940083, -0.0209],
		[-0.0304341140151288, 0.0140944919778664, -0.00585],
		[-0.0310995480828515, -0.0101048557160608, -0.0032],
		[-0.0402074207562331, -0.0261634442711817, -0.0249],
		[-0.0134820952241909, -0.0421195395079985, -0.0209],
		[-0.0228093168788391, -0.0245891249035159, -0.00585],
		[-4.00623544755119E-18, -0.0327, -0.0032],
		[0.0124581378491724, -0.0463244784248136, -0.0249],
		[0.0358918659683769, -0.025837888019497, -0.0209],
		[0.0163371809238396, -0.0292914069218556, -0.00585],
		[0.0310995480828515, -0.0101048557160608, -0.0032],
		[0.0479069733835532, -0.00246665790646425, -0.0249],
		[0.0356644883123034, 0.0261508465144357, -0.0209],
		[0.0329062499701284, 0.00648603984750513, -0.00585],
		[0.0192205777499639, 0.0264548557160608, -0.0032],
		[-0.000458123445186997, 0.0158388801027399, 0.0122],
		[-0.0158388801027399, -0.000458123445186998, 0.0122],
		[0.000458123445186997, -0.0158388801027399, 0.0122],
		[0.0158388801027399, 0.000458123445186989, 0.0122]
      ]
   },
   "render_model" : "pebble_blue",
   "resource_root" : "",
   "revision" : 4,
   "tracked_controller_role" : "",
   "type" : "Lighthouse_HMD"
}
